{
    "shape": [
        55743,
        449
    ],
    "mean": 0.00820317118914755,
    "std": 0.09049201679988443,
    "min": -0.7733886561652638,
    "max": 4.478445031961706
}