{
    "rmse": 3.0996926449614666,
    "precision": 0.2,
    "recall": 3.1590586005370396e-05,
    "f1": 6.317119393556538e-05
}